{
  "Prefix": "x",
  "Authoken": "MAIN TOKEN",
  "Status": {
    "Owner": "u5f98dc18fa4eff6180763542aa83c78e",
    "AssistToken": [],
    "Ajs": [],
    "Adminlist": [],
    "Stafflist": [],
    "Blacklist": [],
    "Staybot": {}
  },
  "Settings": {
    "Pro-groupurl": {},
    "War-Mode": {},
    "Pro-groupinvite": {},
    "Pro-groupname": {},
    "Pro-groupmention": {},
    "Pro-groupmember": {},
    "Pro-groupjoin": {},
    "Auto-killban": 1,
    "Auto-stabil": 1,
    "Temp-groupname": {},
    "Temp-header": "Terserahlah",
    "Temp-respon-message": "􀨂􀅵foot on desk 1 (two emojis make one picture)􏿿􀨂􀅶foot on desk 2􏿿",
    "Temp-unban-message": "♪ %v Blacklist cleared.",
    "Temp-leave-message": "♪ Ok, I'm out.",
    "Temp-welcome-message": "Selamat datang coeg @!, Semoga gak betah ye.",
    "Temp-sticker-respon": {
      "stkid": "153383",
      "stkpkgid": "2000006"
    },
    "Temp-sticker-leave": {
      "stkid": "153658",
      "stkpkgid": "2000007"
    },
    "Temp-sticker-unban": {
      "stkid": "455724",
      "stkpkgid": "2000011"
    }
  }
}