{
  "Prefix": "z",
  "Authoken": "uf487bf9c93463fe9925bb5a47f550548:aXNzdWVkVG86IHVmNDg3YmY5YzkzNDYzZmU5OTI1YmI1YTQ3ZjU1MDU0OAppYXQ6IDE2MjAyMTQ0NTE2MjAK.dHlwZTogWVdUCmFsZzogSE1BQ19TSEExCg==.HaosnuLBjyF0urbFOdweMKaXr0Q=",
  "Status": {
    "Owner": "uf760442fba810631a22a73ff4ba47245",
    "AssistToken": [],
    "Ajs": [],
    "Adminlist": [],
    "Stafflist": [],
    "Blacklist": [],
    "Fucklist": [],
    "Staybot": {}
  },
  "ZxAssist": {
    "ztoken1": "",
    "ztoken2": "",
    "ztoken3": "",
    "ztoken4": "",
    "ztoken5": "",
    "ztoken6": ""
  },
  "Settings": {
    "Pro-groupurl": {},
    "Pro-groupinvite": {},
    "Pro-groupname": {},
    "Pro-groupmention": {},
    "Pro-groupmember": {},
    "Pro-groupjoin": {},
    "War-Mode": 0,
    "Detect-Mode": 0,
    "Auto-killban": 1,
    "Auto-stabil": 1,
    "Temp-groupname": {},
    "Temp-header": "",
    "Temp-respon-message": "􀨂􀅵foot on desk 1 (two emojis make one picture)􏿿􀨂􀅶foot on desk 2􏿿",
    "Temp-unban-message": "♪ Successfully removed %v community trash.",
    "Temp-leave-message": "♪ Ok, I'm out.",
    "Temp-welcome-message": "Selamat datang coeg @!, Semoga gak betah ye.",
    "Temp-sticker-respon": {
      "stkid": "153383",
      "stkpkgid": "2000006"
    },
    "Temp-sticker-leave": {
      "stkid": "153658",
      "stkpkgid": "2000007"
    },
    "Temp-sticker-unban": {
      "stkid": "455724",
      "stkpkgid": "2000011"
    },
    "Temp-sticker-inv": {
      "stkid": "",
      "stkpkgid": ""
    }
  }
}