{
  "Prefix": "s",
  "Authoken": "u6473fc141df9fb95aa8c5f5c53c89c1a:aWF0OiA5NzE1MDUyNTg2MAo=..4j+Lif9CTsYTilJa56DYcoG8nD8=",
  "Status": {
    "Owner": "uf760442fba810631a22a73ff4ba47245",
    "AssistToken": [],
    "Ajs": [],
    "Adminlist": [],
    "Stafflist": [],
    "Blacklist": [],
    "Fucklist": [],
    "Staybot": {}
  },
  "Settings": {
    "Pro-groupurl": {},
    "Pro-groupinvite": {},
    "Pro-groupname": {},
    "Pro-groupmention": {},
    "Pro-groupmember": {},
    "Pro-groupjoin": {},
    "War-Mode": 0,
    "Detect-Mode": 0,
    "Auto-killban": 1,
    "Auto-stabil": 1,
    "Temp-groupname": {},
    "Temp-header": "",
    "Temp-respon-message": "􀨂􀅵foot on desk 1 (two emojis make one picture)􏿿􀨂􀅶foot on desk 2􏿿",
    "Temp-unban-message": "♪ Successfully removed %v community trash.",
    "Temp-leave-message": "♪ Ok, I'm out.",
    "Temp-welcome-message": "Selamat datang coeg @!, Semoga gak betah ye.",
    "Temp-sticker-respon": {
      "stkid": "153383",
      "stkpkgid": "2000006"
    },
    "Temp-sticker-leave": {
      "stkid": "153658",
      "stkpkgid": "2000007"
    },
    "Temp-sticker-unban": {
      "stkid": "455724",
      "stkpkgid": "2000011"
    },
    "Temp-sticker-inv": {
      "stkid": "",
      "stkpkgid": ""
    }
  }
}