{
  "Prefix": "/",
  "Authoken": "ub9395cb81067b1d0bebc23d3b13b0bf8:aXNzdWVkVG86IHViOTM5NWNiODEwNjdiMWQwYmViYzIzZDNiMTNiMGJmOAppYXQ6IDE2MjM2Njk5MDk2MDYK.dHlwZTogWVdUCmFsZzogSE1BQ19TSEExCg==.AC56tut6J3qHRcAxihZgN2BB/M4=",
  "Status": {
    "Owner": "u09caa2566ff6cc6dc23f154fe3d02b32",
    "AssistToken": [
      "u25ad773c082839ca83685be45fdcc952:aXNzdWVkVG86IHUyNWFkNzczYzA4MjgzOWNhODM2ODViZTQ1ZmRjYzk1MgppYXQ6IDE2MjM2NzAxODc0MjUK.dHlwZTogWVdUCmFsZzogSE1BQ19TSEExCg==./Q5l8p5XvCOSZB8bYu2IE6r9fTE=",
      "u43da324ec52103c57dbbb418cf427461:aXNzdWVkVG86IHU0M2RhMzI0ZWM1MjEwM2M1N2RiYmI0MThjZjQyNzQ2MQppYXQ6IDE2MjM4NTQwMzY1NTkK.dHlwZTogWVdUCmFsZzogSE1BQ19TSEExCg==.nS+a5dtLwbTo3+pRHJN4w/+oFzI=",
      "u7092697097faef833ad3c69c1ee38bb2:aXNzdWVkVG86IHU3MDkyNjk3MDk3ZmFlZjgzM2FkM2M2OWMxZWUzOGJiMgppYXQ6IDE2MjM4NTQyNjc5ODkK.dHlwZTogWVdUCmFsZzogSE1BQ19TSEExCg==.RkjMRCPV3cF9Z6//UqRpWhH7pE4=",
      "u80f7fd3649b1da0e089a117dc2315e02:aXNzdWVkVG86IHU4MGY3ZmQzNjQ5YjFkYTBlMDg5YTExN2RjMjMxNWUwMgppYXQ6IDE2MjM4NTQzODA4NzMK.dHlwZTogWVdUCmFsZzogSE1BQ19TSEExCg==.D/o2xmc6Nqtm9bMVFBhBHq5bQnw=",
      "u7320f40f79ba913044d2ccc8a53d987e:aXNzdWVkVG86IHU3MzIwZjQwZjc5YmE5MTMwNDRkMmNjYzhhNTNkOTg3ZQppYXQ6IDE2MjM4NTQ1MjA4NjEK.dHlwZTogWVdUCmFsZzogSE1BQ19TSEExCg==.ViLI9rg0YuGsy91PzEm3f3ae+jg=",
      "u610993d56106bffafb9cf2df918fce6a:aXNzdWVkVG86IHU2MTA5OTNkNTYxMDZiZmZhZmI5Y2YyZGY5MThmY2U2YQppYXQ6IDE2MjM4NTQ4MDI3MzUK.dHlwZTogWVdUCmFsZzogSE1BQ19TSEExCg==.jEoEporF3wW+5rahLx9xThlysA4=",
      "u8183d99e9eb7578f4c13aef837b467e4:aWF0OiAxNjI0NTA2MTk0OTE5Cg==..rT1VkvvfHi0zzW8GwY7CPZiR2Gw=",
      "u680d403d37f0bf4ee492b76d326291ce:aWF0OiAxNjI0Njk2NzMwOTg5Cg==..DMSWt5tXRnPtuhWgdjJgux3yQqY=",
      "u92176ad185c0437a837a82b0facdf18d:aWF0OiAxNjI0NTEwMjg4OTQwCg==..TOiTo4gdEcLkjnebzp/zJ/BsKes=",
      "uca88624bed9d6aa76a58ae78348e4f0c:aWF0OiAxNjI0Njk3NTU4Mzg4Cg==..CFiT1zXPksceeWnPvdV5Rcljh7o="
    ],
    "Ajs": [],
    "Adminlist": [
      "ufd33071bd7156ff0eec2e8d38c4826be",
      "u41175db009a92009a7a1b27b79469168",
      "ufa960c96757f96b012a726a987cf086b",
      "u90cc967742feb9facc47771907a0ccc2",
      "ud3c03018f0d84ce959dabe029ef6d008"
    ],
    "Stafflist": [],
    "Blacklist": [
      "u4bdc0f0e0bb584e21a7478776b4e6e2e",
      "u205a877eaffe4ac90548fd3aff2ae620",
      "ufd116dbee8d4cb8d0a2986872cc90163",
      "u0f53b0c61ddebe751036fcf8c4b06ad8",
      "u7b865da6bc2fce96fce1ee3f1859049f",
      "u81c4808c033dddc4be79b596bfe9bb88",
      "u70b521c9787252bc7964ed88ffd691d1"
    ],
    "Fucklist": [],
    "Staybot": {
      "c0720553828dae36db26534cd0d703369": [
        "u610993d56106bffafb9cf2df918fce6a",
        "u43da324ec52103c57dbbb418cf427461",
        "u8183d99e9eb7578f4c13aef837b467e4",
        "u7092697097faef833ad3c69c1ee38bb2",
        "u92176ad185c0437a837a82b0facdf18d",
        "u80f7fd3649b1da0e089a117dc2315e02",
        "u7320f40f79ba913044d2ccc8a53d987e",
        "u25ad773c082839ca83685be45fdcc952",
        "u680d403d37f0bf4ee492b76d326291ce",
        "uca88624bed9d6aa76a58ae78348e4f0c"
      ],
      "c5659e4be84db1576d6c9ab021616e0f1": [
        "u7320f40f79ba913044d2ccc8a53d987e",
        "u25ad773c082839ca83685be45fdcc952",
        "u610993d56106bffafb9cf2df918fce6a",
        "uca88624bed9d6aa76a58ae78348e4f0c",
        "u680d403d37f0bf4ee492b76d326291ce",
        "u43da324ec52103c57dbbb418cf427461",
        "u8183d99e9eb7578f4c13aef837b467e4",
        "u7092697097faef833ad3c69c1ee38bb2",
        "u92176ad185c0437a837a82b0facdf18d",
        "u80f7fd3649b1da0e089a117dc2315e02"
      ],
      "c956c2eb1c631a82cfef9b2fac86984b5": [
        "u25ad773c082839ca83685be45fdcc952",
        "u43da324ec52103c57dbbb418cf427461",
        "u7092697097faef833ad3c69c1ee38bb2",
        "u80f7fd3649b1da0e089a117dc2315e02",
        "u7320f40f79ba913044d2ccc8a53d987e",
        "u610993d56106bffafb9cf2df918fce6a",
        "u8183d99e9eb7578f4c13aef837b467e4",
        "u680d403d37f0bf4ee492b76d326291ce",
        "u92176ad185c0437a837a82b0facdf18d",
        "uca88624bed9d6aa76a58ae78348e4f0c"
      ],
      "cc8cc2308052b9ef7fa7bdfe496ec939a": [
        "u610993d56106bffafb9cf2df918fce6a",
        "u8183d99e9eb7578f4c13aef837b467e4",
        "u92176ad185c0437a837a82b0facdf18d",
        "u25ad773c082839ca83685be45fdcc952",
        "u680d403d37f0bf4ee492b76d326291ce",
        "u43da324ec52103c57dbbb418cf427461",
        "u7092697097faef833ad3c69c1ee38bb2",
        "u7320f40f79ba913044d2ccc8a53d987e",
        "uca88624bed9d6aa76a58ae78348e4f0c",
        "u80f7fd3649b1da0e089a117dc2315e02"
      ],
      "ccd749870c300ad929582f332f7aa8386": [
        "u610993d56106bffafb9cf2df918fce6a",
        "u43da324ec52103c57dbbb418cf427461",
        "u8183d99e9eb7578f4c13aef837b467e4",
        "u7092697097faef833ad3c69c1ee38bb2",
        "u92176ad185c0437a837a82b0facdf18d",
        "u80f7fd3649b1da0e089a117dc2315e02",
        "u7320f40f79ba913044d2ccc8a53d987e",
        "u25ad773c082839ca83685be45fdcc952",
        "u680d403d37f0bf4ee492b76d326291ce",
        "uca88624bed9d6aa76a58ae78348e4f0c"
      ],
      "cf1b1f502896e3016d0492be636020ddc": [
        "u7320f40f79ba913044d2ccc8a53d987e",
        "u25ad773c082839ca83685be45fdcc952",
        "u610993d56106bffafb9cf2df918fce6a",
        "uca88624bed9d6aa76a58ae78348e4f0c",
        "u680d403d37f0bf4ee492b76d326291ce",
        "u43da324ec52103c57dbbb418cf427461",
        "u8183d99e9eb7578f4c13aef837b467e4",
        "u7092697097faef833ad3c69c1ee38bb2",
        "u92176ad185c0437a837a82b0facdf18d",
        "u80f7fd3649b1da0e089a117dc2315e02"
      ]
    }
  },
  "Settings": {
    "Pro-groupurl": {
      "cc8cc2308052b9ef7fa7bdfe496ec939a": 1,
      "ccd749870c300ad929582f332f7aa8386": 1
    },
    "Pro-groupinvite": {
      "cc8cc2308052b9ef7fa7bdfe496ec939a": 1,
      "ccd749870c300ad929582f332f7aa8386": 1
    },
    "Pro-groupname": {
      "cc8cc2308052b9ef7fa7bdfe496ec939a": 1,
      "ccd749870c300ad929582f332f7aa8386": 1
    },
    "Pro-groupmention": {},
    "Pro-groupmember": {
      "cc8cc2308052b9ef7fa7bdfe496ec939a": 1,
      "ccd749870c300ad929582f332f7aa8386": 1
    },
    "Pro-groupjoin": {
      "ccd749870c300ad929582f332f7aa8386": 1
    },
    "War-Mode": 1,
    "Detect-Mode": 0,
    "Auto-killban": 1,
    "Reload-assist": 0,
    "Auto-stabil": 1,
    "Temp-groupname": {
      "cc8cc2308052b9ef7fa7bdfe496ec939a": "✺𝐑𝐀𝐓𝐔✺𝐂𝐡𝐚𝐭𝐭𝐢𝐧𝐠 𝐑𝐨𝐨𝐦㊜",
      "ccd749870c300ad929582f332f7aa8386": "GoTes."
    },
    "Temp-header": "",
    "Restarting-point": "cf1b1f502896e3016d0492be636020ddc",
    "Temp-respon-message": "􀜆􀅔Haha􏿿",
    "Temp-unban-message": "♪ Cleared %v fucklist",
    "Temp-leave-message": "♪ Ok, I'm out.",
    "Temp-welcome-message": "Selamat datang coeg @!, Semoga gak betah ye.",
    "Temp-sticker-respon": {
      "stkid": "153450",
      "stkpkgid": "2000006"
    },
    "Temp-sticker-leave": {
      "stkid": "153306",
      "stkpkgid": "2000006"
    },
    "Temp-sticker-unban": {
      "stkid": "153313",
      "stkpkgid": "2000006"
    },
    "Temp-sticker-inv": {
      "stkid": "",
      "stkpkgid": ""
    }
  }
}